Index,Customer Id,First Name,Last Name,Company,City,Country,Phone 1,Phone 2,Email,Subscription Date,Website
1,B095292C01702c7,Devin,Love,Benitez Inc,Port Richard,Thailand,369.266.8071,288.606.9352,mcintyrekirk@grant.com,2021-10-27,https://www.malone.org/
2,67bB4FC9db9a4c0,Jasmine,Dudley,Small-Woodard,Suarezstad,United States of America,(771)357-1394,001-068-392-3958x71591,ztorres@ward.com,2020-08-06,https://chaney.org/
3,d0D2CDDBA3f16ec,Jesus,Sanford,"Schmitt, Ayers and Christensen",East Caitlynmouth,Saint Barthelemy,8828535491,892-727-5053,alejandro80@chavez-monroe.com,2021-03-31,http://www.singleton.com/
4,d4f82d91980254e,Edgar,Leblanc,Bowman-Burgess,East Jonathan,Guinea-Bissau,001-927-449-7563x22057,410.058.9899x279,mcculloughannette@holder.net,2020-10-30,https://www.hernandez.com/
5,dd3F7DE06EF8884,Calvin,Vega,"Velazquez, Hardin and Oneill",Barnesside,Uruguay,001-027-044-3789x755,001-281-340-8796,davidsonalexandria@downs.net,2021-03-22,http://perry.com/
6,Eb49ee77D1274Fe,Arthur,Martinez,Schroeder LLC,Lake Bradshire,Gibraltar,118.656.6450x736,839.464.3912x35357,pamelaunderwood@russo.com,2021-09-23,http://www.bond.com/
7,DCbb81e450CC26a,Tommy,Bates,Cummings-Norris,East Lance,Bahamas,(913)090-3940,(251)667-9118x2206,philip99@walters.com,2020-02-21,http://downs.com/
8,D9fc12bFd6fC7e4,Nicholas,Meza,Leach and Sons,Tiffanymouth,Congo,862-449-2610,001-064-958-4351x43399,mcarr@robertson.com,2020-03-28,https://www.thompson-valdez.com/
9,4b4Bac33c9B4f0a,Lacey,Lynn,Glover-Bradshaw,Maddoxport,Israel,(845)827-5948x358,438-488-3772x606,helen82@huff.net,2022-04-21,http://www.farmer.info/
10,94dC605Feb7DEfE,Autumn,Garcia,Bauer-Rocha,Cassandrashire,Anguilla,343.595.4587x62574,102.503.1381x22380,kristihuffman@leach.com,2020-04-08,http://phelps-carey.com/
11,BF4Ba650cdf910a,Alexandria,Willis,Chan LLC,Lake Henry,Iceland,865.467.3901x9952,(070)222-2813x745,wilsonnatasha@cooke-caldwell.com,2021-12-07,https://hansen.net/
12,6d7a78Dc8f0A5D3,Kathryn,Farrell,"Mcdaniel, Dudley and Compton",Yangburgh,Syrian Arab Republic,693.521.6356,(047)678-9171,evelyn20@beltran-combs.com,2022-05-11,https://ibarra-pittman.info/
13,bD6F1EdEba9a008,Ross,Gillespie,"Nunez, Nguyen and Lutz",Jonburgh,Kyrgyz Republic,140.276.5332,(558)503-8708x85631,doyleevan@gill.com,2022-03-10,http://willis-wilkinson.org/
14,eF11fe0fa4a96c5,Autumn,Villanueva,Giles-Harrington,Schmittchester,Gibraltar,034-317-0508x1350,001-114-118-6030x59917,jaydominguez@kaufman.com,2021-10-26,https://www.scott-potter.com/
15,C0CC2eAaEA2C586,Maurice,Sims,Skinner Ltd,South Daniellefort,Comoros,029-146-7484x1933,(278)390-1445x60272,sellersbrad@lamb.info,2022-06-29,https://wilson.com/
16,1Dfd3d1610a737B,Jade,Peck,"Doyle, Acevedo and Carr",South Sandraberg,Belgium,001-996-844-0155x006,813-221-4802,holtshawna@ramos.net,2021-11-24,http://pacheco.net/
17,82C1afFa091Cd16,Jasmine,Gallagher,"Rich, Preston and Flores",South Makaylastad,Belarus,0211930579,762-678-5406x023,dwalton@watts.com,2022-07-29,http://www.flowers-santana.com/
18,A5BB01cCAd77D77,Harold,Spence,"Riggs, Pierce and Chung",Reyesland,India,+1-458-922-7004x95427,001-947-137-4946x108,montgomerysheila@short.info,2020-09-02,http://www.davies.net/
19,26Ae14FA1fF61ca,Andrew,Norton,"Campbell, Castro and Guerra",East Victor,Mali,500-975-6939,(061)451-3402x47745,aabbott@miranda.com,2020-01-12,https://www.wilkins.com/
20,e23F1DFF626683A,Kristina,Pace,Peters-Frost,Jadeland,Liechtenstein,(352)063-4919x1342,(877)627-6595x026,jhughes@silva.com,2022-06-02,https://www.jones.com/
21,f8ccb2e035F0E7f,Jacob,Mata,Burnett Group,North Nicolestad,Switzerland,(462)067-4370x2013,001-733-384-3390x062,shirleyshields@schmidt.org,2021-07-31,https://mccann.com/
22,5b6aCd8defC3D2C,Tabitha,Parrish,"Fleming, Stephenson and Ho",Bergland,Cook Islands,264-592-9942x96763,732.515.2996x5921,guerrerocheyenne@richmond.com,2020-08-28,https://www.wood-gallagher.info/
23,6C452Cb27a84E1b,Lindsey,Weiss,"Bradshaw, Mckay and Randall",Hoodside,Eritrea,(331)895-2636x6158,380.817.8254x91076,kristina04@shields-summers.com,2020-03-01,http://graham-rivas.biz/
24,Ecd63ee349Ebadb,Jodi,Norman,Carr-Davila,Edwardsborough,Greece,481.528.4668,(269)543-8651,emmacoffey@gallagher.com,2020-09-28,http://www.ponce-parker.com/
25,8B65B5e4f6d5DFC,Randall,Calderon,"Waters, Watkins and Peterson",East Walterton,Romania,+1-531-184-0759x2790,001-720-619-6366,janetsellers@carpenter-ward.biz,2020-12-29,https://www.lam-marquez.com/
26,48F0BF19bf528fB,Darlene,Horn,Cabrera-Mercer,Mckayburgh,Costa Rica,129-648-7012x59764,101.364.8581,yuphillip@thomas.com,2022-04-01,http://zamora.com/
27,bF4CeaAeC28D4EB,Cindy,Raymond,Salinas-Cain,South Hunter,United States of America,483-486-1322,001-429-419-9157x638,danielgamble@stark-adkins.biz,2021-04-27,http://www.beltran.com/
28,Bd4BBB60d7c1dA7,Edward,Leonard,Blevins-Bryan,North Tamaraview,Jordan,240-401-2616x9743,500-881-3376x58860,conniegrimes@meyers-horn.com,2022-01-26,http://www.burton.net/
29,Ede5b038d2A52d4,Tami,May,Higgins-Wall,Chelseaborough,Moldova,001-643-888-5451x37423,(292)049-0212,gailburgess@lin.com,2021-07-26,http://sampson.org/
30,dC3dFA04336eeef,Scott,Nunez,"Zimmerman, Poole and Cochran",Bensonshire,France,418.870.2514,(186)497-3542x5238,deanna65@farley.info,2022-09-26,https://compton-blanchard.org/
31,E2Be2fF9A5Cc020,Kellie,Wise,Burns PLC,North Angie,Sweden,076.077.1342x57271,+1-277-845-4707x437,michealfisher@arroyo-blackwell.com,2020-08-15,https://www.ashley-bell.com/
32,b3fFC27beeBAA79,Cassie,Hogan,Edwards-Bates,Lake Ellen,Holy See (Vatican City State),001-437-333-1887x4234,860-620-9186,tommyconrad@roth.net,2021-03-10,http://www.lucas.info/
33,8B6b3a34a5DD523,Jean,Escobar,"Moss, Merritt and Fox",Stuarthaven,Montserrat,+1-895-196-9254x535,702.836.5614,doris04@lambert.com,2020-01-29,http://mcclure-sherman.com/
34,AF7D1A84A7BD5Cc,Penny,Burns,Kerr-Calhoun,Danielfort,Australia,2113403944,903-470-9508x0085,underwoodseth@tanner-mercado.com,2020-03-09,https://meadows.net/
35,3D7eEe5d8cDeb16,Adrian,Cantu,Russell PLC,Dominguezborough,Mongolia,4701729482,4161706743,tpark@hardin-burke.com,2021-02-21,http://hale.com/
36,Df6EAbb04847836,Jonathan,Santiago,Meza Group,Forbesside,Cyprus,441.742.3369,871.508.2249,corycurry@camacho.org,2021-01-07,http://www.gregory-ward.net/
37,A5D4c6fDcefE326,Rhonda,Stein,Goodwin Inc,Port Erika,Tajikistan,020-753-8797,(895)351-5447,piercelawrence@ferrell.com,2021-07-05,http://mays.info/
38,3601B9B46D5EDDa,Marcia,Mccarthy,"Ware, Booker and Fuller",South Cole,Equatorial Guinea,621.743.4322x48334,(435)801-4562x7271,zoe60@bernard.com,2022-08-20,http://www.spence.org/
39,4FEED4a44D867B2,Darlene,Downs,"Carter, Long and Howard",Dontown,Equatorial Guinea,449-107-6382x470,+1-950-814-1254x3767,anthonybray@krause-harmon.com,2021-04-14,http://bell-hodges.biz/
40,f727F0693B1Fcd5,Elaine,Waller,Ewing-Hendrix,Beasleyville,Pakistan,(126)150-4002x310,001-893-054-8382,greenalison@dawson.com,2021-08-06,http://pierce.org/
41,4D3b61954391Df2,Mariah,Fleming,"Leonard, Miranda and Stone",Port Donna,Isle of Man,001-783-116-7578x44831,(969)054-0353x076,becky22@cunningham-freeman.org,2020-07-19,https://www.meyer-curtis.org/
42,cbdb9656D340f0A,Adam,Bean,"Larsen, Figueroa and Woodard",Zavalaview,Guinea-Bissau,001-787-263-2810x74983,+1-752-786-8428,btate@cooper.com,2022-05-28,https://cox-garza.com/
43,839BCc3f0FE9304,Morgan,Huang,Klein-Wright,East Codyberg,Fiji,+1-107-244-5751x770,001-020-621-8157x245,adaniels@davila.biz,2020-02-25,http://berg-fritz.net/
44,6F18E2038CeDB94,Destiny,Guzman,Payne-Davila,Richbury,Sri Lanka,(277)319-8696x98250,(015)380-9652,glenn75@bolton.com,2020-06-09,https://www.herrera.com/
45,232c96bDD4484fF,Noah,Key,Mcmillan-Swanson,Frostshire,Micronesia,230-532-2380x77051,(985)778-3708x19912,gilbert01@mullen.com,2022-01-16,http://www.sanchez.net/
46,cf3Bd4Bea9265c8,Eileen,Holden,Norman-Navarro,Leonardstad,Palestinian Territory,149.716.4007,597.298.6496,morenotrevor@perez-alvarez.com,2021-07-17,https://bradley.com/
47,F1A128E0b2DC77b,Rachael,Hensley,Robinson Group,Albertburgh,Senegal,5617060393,001-127-393-8412x28926,danny68@burgess.com,2020-02-04,http://www.elliott-bentley.org/
48,F561F46fd06edAd,Yesenia,Young,Pena-Chung,Charlesburgh,Saint Pierre and Miquelon,(707)449-8949,(471)085-6643,ysteele@newman-williams.com,2022-06-29,http://goodwin-kaiser.biz/
49,feEA31f9Ead94fb,Austin,Richard,Mills LLC,South Rebeccaburgh,Macedonia,001-311-774-3939,(041)866-9073x5599,nashwarren@walsh.com,2020-10-27,http://www.ballard-wilkins.net/
50,8B06eA8AfEFe993,Shelia,Watkins,Benjamin-Callahan,Romantown,Palau,586-285-4824x80363,0498966996,deanshaun@rangel-knapp.com,2020-03-17,http://www.lozano.com/
51,A4F9FAAFBed5511,Chelsea,Randolph,Sherman-Burton,Port Kirsten,Angola,(682)076-9579,(054)210-5775,brightjaime@carroll-reid.com,2020-01-14,https://www.peck.org/
52,B81Dc9cCBfEf5fA,Allison,Guzman,Oliver Inc,South Katelynstad,Kenya,(557)386-9759,277.196.8765,torresmackenzie@perez-soto.com,2021-02-27,http://www.juarez.com/
53,cDf0c56DfdD5def,Sergio,Villa,Hood-Flynn,New Kerryton,Belarus,647.014.9410x3828,+1-168-565-9906,downscory@vargas.net,2020-02-09,http://www.herrera.com/
54,ce2d5A8aB87dBd8,Drew,Cross,Guerra-Schneider,Port Luis,Canada,(940)774-9392x5633,+1-458-935-1412,monroerhonda@carroll.com,2021-06-22,https://lynn.com/
55,fAB05eeC9Eebda2,Loretta,Livingston,Fry-Mays,South Nathanchester,Finland,(069)026-5277x0410,(246)190-4454x92470,sonia40@kerr.net,2022-08-08,https://www.haas.biz/
56,293A5e755BEAEbf,Lydia,Odonnell,"Burns, Haney and Short",Cortezfurt,Wallis and Futuna,045.614.5474x45964,5278750021,suzanne53@hardy.com,2021-12-16,http://pratt.com/
57,a30787Cf8721489,Jackson,Murphy,Hoffman PLC,New Tami,Uganda,209-967-2946,(066)583-8059,devon36@hunt.com,2020-09-12,http://gomez-mcdonald.net/
58,eabe7B1bAf7CaeA,Deanna,Branch,Boyle PLC,Richardsmouth,Western Sahara,3651697026,(324)426-6307x279,dwayne40@castillo.biz,2022-08-21,http://michael-lin.com/
59,fC7cFFc4CF57F2e,Gina,Brown,"Kent, Decker and Atkinson",Ashleyhaven,Timor-Leste,001-939-389-8456,111-214-7209,wmorgan@proctor.com,2020-02-24,http://www.gallagher.biz/
60,Affd96b57CEf54b,Tom,Mercado,"Pace, Lowe and Moss",East Rileyburgh,Tajikistan,(790)971-2987,001-982-262-2571x7125,lisa61@mcbride.net,2020-11-29,https://adkins-mercer.com/
61,B33D0Ce93AC8dF2,Marilyn,Gregory,Stokes-Hughes,Harrisonchester,Croatia,093.930.0404,280.122.2947x907,derrickbauer@duncan-donovan.com,2020-08-13,https://vasquez-schneider.net/
62,c9eF5DBb2B00aE7,Lindsay,Lin,Escobar Inc,West Audreyland,Mongolia,5506834790,(531)390-8083x539,jasmin71@simpson.com,2020-03-08,https://www.ferguson-combs.com/
63,DEc8dc7A7Aaf0ED,Ernest,Flowers,Parsons-Pacheco,North Mariahview,Lebanon,847-796-8600x5280,327-083-3444x60789,johnathanacevedo@guzman-clarke.org,2022-03-08,http://roman-riggs.com/
64,b1c2cA1eE55c06f,Beverly,Simon,Bender and Sons,Trevinofort,Sweden,+1-553-184-7167x554,001-340-215-0462x7759,randallkaitlyn@cowan.com,2021-07-17,https://www.faulkner.net/
65,39Ab9168fbFCAE7,Roberta,Moran,Wheeler-Orozco,Lake Martha,Mongolia,+1-461-075-2074x64744,+1-996-167-6081,melodymann@miller-roberson.net,2020-01-19,https://www.cardenas.com/
66,EC6911Cd5A3de6f,Gregg,Holt,Ford Inc,Melindamouth,Uzbekistan,199.124.7065,(967)769-6020,tmcneil@glover.org,2020-01-21,http://haley-roman.com/
67,2f269AF18125071,Corey,Wheeler,"Summers, Lane and Dunlap",Teresaborough,Spain,+1-196-334-7680x9338,001-532-814-1658x96195,laurie15@hardy.info,2022-08-10,http://graham-mosley.info/
68,EdEd2b894aBad4C,Francisco,Strickland,Salas-Montoya,North Darren,French Southern Territories,101.973.8297x978,(764)365-2196x0243,nicholasbridges@lucero.biz,2020-06-04,http://www.marsh.org/
69,dCEf726EA0AD1B5,Lacey,Huber,Dougherty Inc,Rayhaven,Vanuatu,001-748-668-2251x33916,+1-987-355-8987,jacqueline56@david.com,2020-02-22,http://www.ponce.com/
70,2cad0A4c168Edce,Ricky,Macdonald,Cruz LLC,Clarkemouth,Hong Kong,351-296-7630x70272,001-928-327-4696x958,rpittman@todd.biz,2021-04-21,https://shepherd-mcdowell.com/
71,9c289eCfDC06eEB,Trevor,Richard,"Randolph, Leon and Dunlap",North Colinport,Ghana,875.264.0970,672-223-9868,aglenn@pope.com,2022-07-11,http://www.savage.com/
72,2Bd3CBeCa183169,Gilbert,Chang,"Hooper, Brewer and Foster",South Lance,Philippines,001-177-005-8619x225,+1-051-931-8693x7536,srobbins@carrillo-hudson.com,2022-03-03,https://www.hickman.org/
73,25aB657CEd8a3F0,Felicia,Neal,"Caldwell, Daniel and Weeks",Kerrishire,Saudi Arabia,(868)663-3890,001-464-985-5283,sheryl40@michael-fields.net,2021-07-27,https://compton-knight.com/
74,e0AA2D7a622B498,Lance,Moon,"Clark, Spears and Greer",Stephenschester,Serbia,891-453-0333x594,+1-598-453-9239,branchsonya@gould.net,2020-10-04,http://hayes-freeman.net/
75,859f7cacBb9BfD8,Kristin,Gill,"Ali, Mathis and Wright",Port Justin,Bermuda,1842068289,733.726.7685,diane01@bean-arroyo.com,2021-05-04,http://bowers.com/
76,3de1cc32F1b1b56,Adrienne,Fox,Spears-Barron,Nathanielbury,Peru,+1-766-346-9906,+1-869-488-1337x9713,bdaniels@randolph.org,2022-03-09,http://wilkins-le.com/
77,151f5aAecbA6Af0,Michaela,Arnold,"Horne, Mccarty and Tanner",Fitzgeraldside,British Virgin Islands,(189)769-4314x21901,787.134.4303x78859,jonathon29@boyle.com,2020-12-22,https://duncan.biz/
78,aebDdBD1bAbF949,Natalie,Daniels,Garrett LLC,Connorland,Mexico,239-956-8696x5335,001-199-921-4846x6964,vwhitney@bullock-holt.org,2020-11-03,http://www.montgomery.com/
79,1AedB0c7b12Cbd5,Joseph,Curry,Herring Ltd,East Chelseabury,Cambodia,510-701-8275x44825,989-322-3515x133,jenningsdalton@vega-mora.info,2022-07-09,https://harrington.info/
80,68299598BC275d3,Tina,Davis,Greer-Griffith,Port Sharon,Congo,919-697-7822x98970,001-150-054-2184x689,lvasquez@paul.com,2020-05-31,http://www.vang-robinson.biz/
81,Cca4DD6bD312a5F,Jasmin,Kidd,"Lamb, Hensley and Higgins",Connieville,Costa Rica,+1-273-547-9007x8930,(873)910-0261,tyronerivera@strong.com,2021-12-26,https://www.mcmillan-graham.com/
82,cc6D2e06f3b55ae,Vanessa,Conley,Hunt-Aguilar,New Latasha,Croatia,713-559-0024x791,610-582-8285,zalexander@moss-gallagher.info,2021-02-19,https://www.bryan.com/
83,FeF7F0fE2416d1e,Peggy,Alexander,Ritter PLC,Christiebury,Cote d'Ivoire,346-429-1848x92231,(153)075-3028x039,diane69@terry.com,2021-07-19,http://www.valentine.com/
84,C4F4F9eFfDC13aD,Kristen,Le,Ellis-Jones,Port Melodystad,Svalbard & Jan Mayen Islands,001-445-411-3052x87226,864-742-8646x9444,eugene02@maldonado-burch.com,2021-02-09,http://hobbs-bowers.net/
85,0fb5F03a5EBD490,Jimmy,Lane,"Fletcher, Hardin and Pitts",Longborough,Cameroon,992.551.3028x97648,+1-340-521-9237x8378,delgadowayne@suarez-keller.com,2022-07-30,http://cardenas-bullock.com/
86,0C2Ca31eA354A60,Chad,Crawford,Contreras-Gilbert,Courtneystad,Saudi Arabia,001-449-774-3685x130,532-064-0168x380,dillonsonya@dawson-griffin.org,2021-09-03,https://www.reed.info/
87,Ee0BbbdaDc52A2E,Wanda,Deleon,"Li, Durham and Pearson",South Valerieborough,Northern Mariana Islands,(714)374-3701x4411,6354684599,theresamedina@may-swanson.biz,2022-01-21,https://www.mccullough.com/
88,246dFbEc07B8dEA,Guy,Mccormick,Manning PLC,New Paul,Colombia,001-249-353-7429,889.612.3526,ayalaebony@allen-frey.com,2020-11-20,http://www.vasquez.net/
89,4aD606342DCcFa0,Dan,Fleming,Lowery Ltd,New Justinbury,Turkmenistan,888.711.1719x9317,784.172.6995x266,pattonwhitney@clay.info,2020-07-06,https://george.com/
90,Ee850fb4f3F5eEb,Carrie,Proctor,Kidd Inc,Lake Suzanne,Guinea-Bissau,283.267.6914,001-418-654-8726x928,emmahill@price.com,2021-02-05,http://www.davila.com/
91,0695fE686D8AE12,Renee,Smith,Elliott Ltd,Donnabury,Holy See (Vatican City State),(877)215-4060,(183)815-7664,leslie22@chung-smith.com,2020-03-24,http://www.mcgee.com/
92,5fDFFa6eB6adAc0,Leroy,Briggs,Castro Group,South Judith,Japan,+1-888-153-5761,001-521-165-3711x1446,dfigueroa@stark.com,2020-06-22,http://www.levy-davila.com/
93,B86acD0d4AE0D2A,Summer,Kelley,Jimenez-Lester,Armstrongshire,Argentina,001-274-706-4242x015,+1-721-043-9637x0663,bianca54@graves-joyce.com,2021-10-13,http://warren.com/
94,dacA003B0Ba4Ffb,Vernon,Cherry,Rojas Group,West Isabelside,Bosnia and Herzegovina,143-181-9751x196,(933)010-3722x0056,cory82@hubbard.net,2021-04-26,http://pittman-morrow.net/
95,d4F32D3D88ffC6C,Shelby,Le,Beasley Ltd,Yorktown,Papua New Guinea,+1-793-235-5167x376,001-724-190-0728x7909,javierhenson@sheppard.com,2021-08-10,http://hines-galloway.com/
96,cD88a0A29ECbe2f,Leroy,Durham,Mcmahon-Blankenship,Port Carlahaven,Singapore,001-977-482-0412x340,1735232898,kimmelissa@russo.com,2021-02-11,http://www.mills.com/
97,5a29fcadEcDaee9,Perry,Patton,Rhodes-Nolan,Walterhaven,Niue,(671)618-8261x5818,(588)755-7896x613,mcculloughbilly@shannon.net,2020-04-03,http://trujillo.com/
98,1eF7fAd6d1A88e5,Lisa,Fowler,Marsh-Estes,West Kylieside,United Arab Emirates,(143)201-7705x75107,594-394-7271x4043,arich@stewart.com,2020-01-08,http://hammond.com/
99,164F0CB3e2D5D4B,Brittany,Alvarez,Medina-Kaufman,South Cliffordberg,Cayman Islands,733.115.8269x39892,+1-935-538-6395x4093,devin77@giles-farrell.com,2020-07-30,https://solis.org/
100,8027F26E690fCf4,Mia,Carey,Reeves LLC,Beltranchester,Honduras,+1-512-588-6652,200-282-3010,hullgeorge@hobbs.com,2020-03-10,https://www.lindsey.org/
